--
-- Inserts: Plans
--
INSERT INTO
    "public"."Plans"(
        "id",
        "name",
        "alias",
        "description",
        "price",
        "type",
        "createdAt",
        "updatedAt",
        "deletedAt",
        "sortOrder",
        "maxDistance",
        "archivedAt",
        "market"
    )
VALUES
    (
        1,
        E 'Opel Ampera-e',
        E 'opel-ampera-e',
        E 'Ampera-e Premium, 2019',
        599900,
        E 'recurring',
        E '2021-06-09 08:36:01.04872+02',
        E '2021-06-09 08:36:01.04872+02',
        NULL,
        1,
        -1,
        NULL,
        E 'private'
    ),
    (
        2,
        E 'Mercedes-Benz A-klasse',
        E 'mercedes-a180',
        E 'A-180 AMG edition, 2019',
        599900,
        E 'recurring',
        E '2021-06-09 08:36:01.04872+02',
        E '2021-06-09 08:36:01.04872+02',
        NULL,
        2,
        -1,
        E '2022-04-01 00:00:00+02',
        E 'private'
    ),
    (
        3,
        E 'Mercedes-Benz A-klasse',
        E 'mercedes-a180',
        E 'A-180 AMG edition, 2019',
        619900,
        E 'recurring',
        E '2021-06-09 08:36:01.04872+02',
        E '2021-06-09 08:36:01.04872+02',
        NULL,
        2,
        -1,
        NULL,
        E 'private'
    ),
    (
        4,
        E 'Peugeot 3008',
        E 'peugeot-3008',
        E '3008 Allure 1,2 PTECH, 2019',
        649900,
        E 'recurring',
        E '2021-06-09 08:36:01.04872+02',
        E '2021-06-09 08:36:01.04872+02',
        NULL,
        3,
        -1,
        NULL,
        E 'private'
    ),
    (
        5,
        E 'Fleks Mye',
        E 'km',
        NULL,
        0,
        NULL,
        E '2021-06-09 08:36:01.04872+02',
        E '2021-06-09 08:36:01.04872+02',
        NULL,
        100,
        1000,
        NULL,
        E 'private'
    ),
    (
        6,
        E 'Fleks Mer',
        E 'km-mer',
        NULL,
        39900,
        E 'recurring',
        E '2021-06-09 08:36:01.04872+02',
        E '2021-06-09 08:36:01.04872+02',
        NULL,
        101,
        2000,
        NULL,
        E 'private'
    ),
    (
        7,
        E 'Fleks Basis',
        E 'basic',
        E 'Forsikring Basis',
        0,
        E 'recurring',
        E '2021-06-09 08:36:01.04872+02',
        E '2021-06-09 08:36:01.04872+02',
        NULL,
        200,
        -1,
        NULL,
        E 'private'
    ),
    (
        8,
        E 'Fleks Pluss',
        E 'plus',
        E 'Forsikring Pluss',
        19900,
        E 'recurring',
        E '2021-06-09 08:36:01.04872+02',
        E '2021-06-09 08:36:01.04872+02',
        NULL,
        201,
        -1,
        NULL,
        E 'private'
    );

--
-- Inserts: Subscriptions
--
INSERT INTO
    "public"."Subscriptions"(
        "id",
        "userId",
        "createdAt",
        "updatedAt",
        "deletedAt",
        "cancellationDate"
    )
VALUES
    (
        1,
        1,
        E '2022-06-09 08:40:59.114852+02',
        E '2022-06-09 08:40:59.114852+02',
        NULL,
        E '2021-03-05 00:00:00+01'
    ),
    (
        2,
        2,
        E '2022-06-09 08:40:59.114852+02',
        E '2022-06-09 08:40:59.114852+02',
        NULL,
        NULL
    ),
    (
        3,
        3,
        E '2022-06-09 08:40:59.114852+02',
        E '2022-06-09 08:40:59.114852+02',
        NULL,
        NULL
    ),
    (
        4,
        4,
        E '2022-06-09 08:40:59.114852+02',
        E '2022-06-09 08:40:59.114852+02',
        NULL,
        NULL
    ),
    (
        5,
        1,
        E '2022-06-09 08:40:59.114852+02',
        E '2022-06-09 08:40:59.114852+02',
        NULL,
        NULL
    ),
    (
        6,
        6,
        E '2022-06-09 08:40:59.114852+02',
        E '2022-06-09 08:40:59.114852+02',
        NULL,
        NULL
    );

--
-- Inserts: SubscriptionPeriods
--
INSERT INTO
    "public"."SubscriptionPeriods"(
        "id",
        "periodFrom",
        "periodTo",
        "distance",
        "fuel",
        "paid",
        "subscriptionId",
        "createdAt",
        "updatedAt",
        "deletedAt",
        "lastSynced",
        "paidUsage"
    )
VALUES
    (
        1,
        E '2021-07-05 00:00:00+02',
        E '2021-08-05 00:00:00+02',
        259,
        NULL,
        TRUE,
        1,
        E '2022-06-09 08:53:45.310326+02',
        E '2022-06-09 08:53:45.310326+02',
        NULL,
        E '2022-06-09 08:53:45.310326+02',
        TRUE
    ),
    (
        2,
        E '2021-08-05 00:00:00+02',
        E '2021-09-05 00:00:00+02',
        1640,
        NULL,
        TRUE,
        1,
        E '2022-06-09 08:54:13.961561+02',
        E '2022-06-09 08:54:13.961561+02',
        NULL,
        E '2022-06-09 08:54:13.961561+02',
        TRUE
    ),
    (
        3,
        E '2021-09-05 00:00:00+02',
        E '2021-10-05 00:00:00+02',
        123,
        NULL,
        TRUE,
        1,
        E '2022-06-09 08:54:13.961561+02',
        E '2022-06-09 08:54:13.961561+02',
        NULL,
        E '2022-06-09 08:54:13.961561+02',
        TRUE
    ),
    (
        4,
        E '2021-10-05 00:00:00+02',
        E '2021-11-05 00:00:00+01',
        546,
        NULL,
        TRUE,
        1,
        E '2022-06-09 08:54:13.961561+02',
        E '2022-06-09 08:54:13.961561+02',
        NULL,
        E '2022-06-09 08:54:13.961561+02',
        TRUE
    ),
    (
        5,
        E '2021-11-05 00:00:00+01',
        E '2021-12-05 00:00:00+01',
        697,
        NULL,
        TRUE,
        1,
        E '2022-06-09 08:54:13.961561+02',
        E '2022-06-09 08:54:13.961561+02',
        NULL,
        E '2022-06-09 08:54:13.961561+02',
        TRUE
    ),
    (
        6,
        E '2021-12-05 00:00:00+01',
        E '2022-01-05 00:00:00+01',
        425,
        NULL,
        TRUE,
        1,
        E '2022-06-09 08:54:13.961561+02',
        E '2022-06-09 08:54:13.961561+02',
        NULL,
        E '2022-06-09 08:54:13.961561+02',
        TRUE
    ),
    (
        7,
        E '2022-01-05 00:00:00+01',
        E '2022-02-05 00:00:00+01',
        2345,
        NULL,
        TRUE,
        1,
        E '2022-06-09 08:54:13.961561+02',
        E '2022-06-09 08:54:13.961561+02',
        NULL,
        E '2022-06-09 08:54:13.961561+02',
        TRUE
    ),
    (
        8,
        E '2022-02-05 00:00:00+01',
        E '2022-03-05 00:00:00+01',
        234,
        NULL,
        TRUE,
        1,
        E '2022-06-09 08:54:13.961561+02',
        E '2022-06-09 08:54:13.961561+02',
        NULL,
        E '2022-06-09 08:54:13.961561+02',
        TRUE
    ),
    (
        9,
        E '2021-12-15 00:00:00+01',
        E '2022-01-15 00:00:00+01',
        543,
        NULL,
        TRUE,
        2,
        E '2022-06-09 08:54:13.961561+02',
        E '2022-06-09 08:54:13.961561+02',
        NULL,
        E '2022-06-09 08:54:13.961561+02',
        TRUE
    ),
    (
        10,
        E '2022-01-15 00:00:00+01',
        E '2022-02-15 00:00:00+01',
        654,
        NULL,
        TRUE,
        2,
        E '2022-06-09 08:54:13.961561+02',
        E '2022-06-09 08:54:13.961561+02',
        NULL,
        E '2022-06-09 08:54:13.961561+02',
        TRUE
    ),
    (
        11,
        E '2022-02-15 00:00:00+01',
        E '2022-03-15 00:00:00+01',
        347,
        NULL,
        TRUE,
        2,
        E '2022-06-09 08:54:13.961561+02',
        E '2022-06-09 08:54:13.961561+02',
        NULL,
        E '2022-06-09 08:54:13.961561+02',
        TRUE
    ),
    (
        12,
        E '2022-03-15 00:00:00+01',
        E '2022-04-15 00:00:00+02',
        794,
        NULL,
        TRUE,
        2,
        E '2022-06-09 08:54:13.961561+02',
        E '2022-06-09 08:54:13.961561+02',
        NULL,
        E '2022-06-09 08:54:13.961561+02',
        TRUE
    ),
    (
        13,
        E '2022-04-15 00:00:00+02',
        E '2022-05-15 00:00:00+02',
        34,
        NULL,
        TRUE,
        2,
        E '2022-06-09 08:54:13.961561+02',
        E '2022-06-09 08:54:13.961561+02',
        NULL,
        E '2022-06-09 08:54:13.961561+02',
        TRUE
    ),
    (
        14,
        E '2022-05-15 00:00:00+02',
        E '2022-06-15 00:00:00+02',
        0,
        NULL,
        TRUE,
        2,
        E '2022-06-09 08:54:13.961561+02',
        E '2022-06-09 08:54:13.961561+02',
        NULL,
        E '2022-06-09 08:54:13.961561+02',
        TRUE
    ),
    (
        15,
        E '2022-06-15 00:00:00+02',
        E '2022-07-15 00:00:00+02',
        3452,
        NULL,
        TRUE,
        2,
        E '2022-06-09 09:23:22.679724+02',
        E '2022-06-09 09:23:22.679724+02',
        NULL,
        E '2022-06-09 09:23:22.679724+02',
        FALSE
    ),
    (
        16,
        E '2022-03-05 00:00:00+01',
        E '2022-04-05 01:00:00+02',
        234,
        NULL,
        TRUE,
        3,
        E '2022-06-09 09:23:22.679724+02',
        E '2022-06-09 09:23:22.679724+02',
        NULL,
        E '2022-06-09 09:23:22.679724+02',
        TRUE
    ),
    (
        17,
        E '2022-04-05 01:00:00+02',
        E '2022-05-05 01:00:00+02',
        425,
        NULL,
        TRUE,
        3,
        E '2022-06-09 09:23:22.679724+02',
        E '2022-06-09 09:23:22.679724+02',
        NULL,
        E '2022-06-09 09:23:22.679724+02',
        TRUE
    ),
    (
        18,
        E '2022-05-05 01:00:00+02',
        E '2022-06-05 01:00:00+02',
        0,
        NULL,
        TRUE,
        3,
        E '2022-06-09 09:23:22.679724+02',
        E '2022-06-09 09:23:22.679724+02',
        NULL,
        E '2022-06-09 09:23:22.679724+02',
        TRUE
    ),
    (
        19,
        E '2022-06-05 01:00:00+02',
        E '2022-07-05 01:00:00+02',
        560,
        NULL,
        TRUE,
        3,
        E '2022-06-09 09:23:22.679724+02',
        E '2022-06-09 09:23:22.679724+02',
        NULL,
        E '2022-06-09 09:23:22.679724+02',
        FALSE
    ),
    (
        20,
        E '2022-12-24 00:00:00+01',
        E '2023-01-24 00:00:00+01',
        0,
        NULL,
        FALSE,
        4,
        E '2022-06-09 09:29:11.577662+02',
        E '2022-06-09 09:29:11.577662+02',
        NULL,
        E '2022-06-09 09:29:11.577662+02',
        FALSE
    ),
    (
        21,
        E '2022-02-14 00:00:00+01',
        E '2022-03-14 00:00:00+01',
        260,
        NULL,
        TRUE,
        5,
        E '2022-06-09 09:29:34.381815+02',
        E '2022-06-09 09:29:34.381815+02',
        NULL,
        E '2022-06-09 09:29:34.381815+02',
        TRUE
    ),
    (
        22,
        E '2022-03-14 00:00:00+01',
        E '2022-04-14 00:00:00+02',
        593,
        NULL,
        TRUE,
        5,
        E '2022-06-09 09:29:34.381815+02',
        E '2022-06-09 09:29:34.381815+02',
        NULL,
        E '2022-06-09 09:29:34.381815+02',
        TRUE
    ),
    (
        23,
        E '2022-04-14 00:00:00+02',
        E '2022-05-14 00:00:00+02',
        459,
        NULL,
        TRUE,
        5,
        E '2022-06-09 09:29:34.381815+02',
        E '2022-06-09 09:29:34.381815+02',
        NULL,
        E '2022-06-09 09:29:34.381815+02',
        TRUE
    ),
    (
        24,
        E '2022-05-14 00:00:00+02',
        E '2022-06-14 00:00:00+02',
        1592,
        NULL,
        TRUE,
        5,
        E '2022-06-09 09:29:34.381815+02',
        E '2022-06-09 09:29:34.381815+02',
        NULL,
        E '2022-06-09 09:29:34.381815+02',
        TRUE
    ),
    (
        25,
        E '2022-06-14 00:00:00+02',
        E '2022-07-14 00:00:00+02',
        999,
        NULL,
        TRUE,
        5,
        E '2022-06-09 09:29:34.381815+02',
        E '2022-06-09 09:29:34.381815+02',
        NULL,
        E '2022-06-09 09:29:34.381815+02',
        FALSE
    );

--
-- Inserts: SubscriptionPlans
--
INSERT INTO
    "public"."SubscriptionPlans"(
        "id",
        "subscriptionId",
        "planId",
        "createdAt",
        "updatedAt",
        "deletedAt",
        "startedAt",
        "endedAt"
    )
VALUES
    (
        1,
        1,
        4,
        E '2022-06-09 08:41:39.665157+02',
        E '2022-06-09 08:41:39.665157+02',
        NULL,
        E '2021-07-05 00:00:00+02',
        NULL
    ),
    (
        2,
        1,
        5,
        E '2022-06-09 08:42:31.896608+02',
        E '2022-06-09 08:42:31.896608+02',
        NULL,
        E '2021-07-05 00:00:00+02',
        NULL
    ),
    (
        3,
        1,
        8,
        E '2022-06-09 08:42:31.896608+02',
        E '2022-06-09 08:42:31.896608+02',
        NULL,
        E '2021-07-05 00:00:00+02',
        E '2022-01-05 00:00:00+01'
    ),
    (
        4,
        1,
        7,
        E '2022-06-09 08:42:31.896608+02',
        E '2022-06-09 08:42:31.896608+02',
        NULL,
        E '2022-01-05 00:00:00+01',
        NULL
    ),
    (
        5,
        2,
        2,
        E '2022-06-09 08:43:37.502413+02',
        E '2022-06-09 08:43:37.502413+02',
        NULL,
        E '2021-12-15 00:00:00+01',
        E '2022-03-15 00:00:00+01'
    ),
    (
        6,
        2,
        6,
        E '2022-06-09 08:43:37.502413+02',
        E '2022-06-09 08:43:37.502413+02',
        NULL,
        E '2021-12-15 00:00:00+01',
        NULL
    ),
    (
        7,
        2,
        7,
        E '2022-06-09 08:43:37.502413+02',
        E '2022-06-09 08:43:37.502413+02',
        NULL,
        E '2021-12-15 00:00:00+01',
        NULL
    ),
    (
        8,
        3,
        1,
        E '2022-06-09 08:44:25.490846+02',
        E '2022-06-09 08:44:25.490846+02',
        NULL,
        E '2022-03-05 00:00:00+01',
        NULL
    ),
    (
        9,
        3,
        5,
        E '2022-06-09 08:44:25.490846+02',
        E '2022-06-09 08:44:25.490846+02',
        NULL,
        E '2022-03-05 00:00:00+01',
        NULL
    ),
    (
        10,
        3,
        7,
        E '2022-06-09 08:44:25.490846+02',
        E '2022-06-09 08:44:25.490846+02',
        NULL,
        E '2022-03-05 00:00:00+01',
        NULL
    ),
    (
        11,
        4,
        4,
        E '2022-06-09 08:45:19.235851+02',
        E '2022-06-09 08:45:19.235851+02',
        NULL,
        E '2022-12-24 00:00:00+01',
        NULL
    ),
    (
        12,
        4,
        6,
        E '2022-06-09 08:45:19.235851+02',
        E '2022-06-09 08:45:19.235851+02',
        NULL,
        E '2022-12-24 00:00:00+01',
        NULL
    ),
    (
        13,
        4,
        8,
        E '2022-06-09 08:45:19.235851+02',
        E '2022-06-09 08:45:19.235851+02',
        NULL,
        E '2022-12-24 00:00:00+01',
        NULL
    ),
    (
        14,
        5,
        3,
        E '2022-06-09 08:46:30.253663+02',
        E '2022-06-09 08:46:30.253663+02',
        NULL,
        E '2022-02-14 00:00:00+01',
        E '2022-03-14 00:00:00+01'
    ),
    (
        15,
        5,
        4,
        E '2022-06-09 08:46:30.253663+02',
        E '2022-06-09 08:46:30.253663+02',
        NULL,
        E '2022-03-14 00:00:00+01',
        NULL
    ),
    (
        16,
        5,
        5,
        E '2022-06-09 08:46:30.253663+02',
        E '2022-06-09 08:46:30.253663+02',
        NULL,
        E '2022-02-14 00:00:00+01',
        NULL
    ),
    (
        17,
        5,
        8,
        E '2022-06-09 08:46:30.253663+02',
        E '2022-06-09 08:46:30.253663+02',
        NULL,
        E '2022-02-14 00:00:00+01',
        NULL
    );

--
-- Inserts: SubscriptionVehicles
--
INSERT INTO
    "public"."SubscriptionVehicles"(
        "id",
        "subscriptionId",
        "vehicleId",
        "startedAt",
        "endedAt",
        "createdAt",
        "updatedAt",
        "deletedAt"
    )
VALUES
    (
        1,
        1,
        1,
        E '2021-07-05 07:23:54+02',
        E '2021-03-04 21:45:34+01',
        E '2022-06-09 08:47:09.937939+02',
        E '2022-06-09 08:47:09.937939+02',
        NULL
    ),
    (
        2,
        2,
        2,
        E '2021-12-15 12:12:12+01',
        NULL,
        E '2022-06-09 08:51:28.896168+02',
        E '2022-06-09 08:51:28.896168+02',
        NULL
    ),
    (
        3,
        3,
        1,
        E '2022-03-05 19:10:04+01',
        NULL,
        E '2022-06-09 08:51:51.457399+02',
        E '2022-06-09 08:51:51.457399+02',
        NULL
    ),
    (
        5,
        4,
        4,
        E '2022-12-24 00:00:00+01',
        NULL,
        E '2022-06-09 08:52:34.881296+02',
        E '2022-06-09 08:52:34.881296+02',
        NULL
    ),
    (
        6,
        5,
        5,
        E '2022-03-14 06:46:22+01',
        NULL,
        E '2022-06-09 08:53:13.647505+02',
        E '2022-06-09 08:53:13.647505+02',
        NULL
    );